2.5	3.091863254483361
1.0	-0.5510557365281579
1.0	1.020587325526632
4.0	3.3773276265110725
2.5	2.178414154379874
2.5	1.311360768304553
4.0	3.32294670522042
2.5	4.255867527048681
4.0	4.053461629414133
4.0	3.9531808577378458
2.5	2.5402942310742356
2.5	2.4176993149842936
1.0	2.126748429222064
2.5	0.9416129020365291
2.5	5.373852436080401
4.0	2.7251766318406023
1.0	0.7435481111305413
4.0	4.478482778762789
2.5	2.3569465963634184
4.0	2.3982281994785093
4.0	2.8678216399238314
2.5	2.7865055171369097
4.0	3.9440180309270723
4.0	4.25024251867527
2.5	1.0520947522676114
4.0	4.484614296593727
4.0	2.876529463712697
1.0	0.7118973650910664
2.5	1.164255686532738
4.0	3.641741350880627
4.0	5.087132030608485
1.0	-0.24455355781165533
1.0	0.9210822596262616
1.0	0.09886736279815689
2.5	3.4154436009395313
4.0	3.0991386218551167
2.5	0.9165818071482905
1.0	0.20298237235711092
4.0	3.984974897926156
4.0	3.7243289988129247
4.0	4.518745028700229
2.5	1.8616716842224101
2.5	2.9127451018933943
1.0	0.2717165185402618
2.5	5.018594431116522
2.5	3.962935814284297
4.0	3.0010099863849593
4.0	3.010433198860525
2.5	1.759864629658582
2.5	1.4038516503596226
1.0	2.6897192344148593
1.0	0.6643891523443557
1.0	-0.7073801133255007
1.0	1.7792061901777687
1.0	1.526228669691355
2.5	2.5944227792316474
4.0	5.555453652971376
4.0	4.320247131632572
1.0	1.7229508675707048
2.5	3.005018988776656
1.0	0.7467247645269229
4.0	4.540992035849432
2.5	2.3966340945668794
1.0	-0.25638707848483544
4.0	4.717941052368896
2.5	2.2883946341274712
4.0	3.9950687118785737
4.0	5.89570408250345
2.5	2.4290372328968157
4.0	2.0603301572842287
2.5	1.5764469146303837
4.0	5.396741607543531
1.0	0.6874559430700995
4.0	2.976731907495247
2.5	2.0341812008971494
2.5	2.940502688489018
4.0	3.091820018171396
4.0	2.9386476711515153
1.0	1.2261766059372867
1.0	1.4641383464891566
2.5	0.24086694700004596
1.0	-0.08174894693643076
1.0	0.11857487892338092
4.0	3.964701968527041
1.0	1.0610049709990677
4.0	5.144309817968873
2.5	1.9075213484905746
1.0	2.76949705160001
2.5	5.032101172073743
2.5	0.45252418968692254
1.0	2.5036444839509238
1.0	0.6683538970647136
1.0	0.43624060552320953
4.0	3.832676739433216
4.0	5.080162383043537
2.5	4.978065893079322
1.0	2.6930640040956666
2.5	3.8149205462302445
1.0	0.11302438774325207
2.5	4.211665664518211
2.5	3.1901344571534196
1.0	0.8381487651338799
2.5	4.596665451060644
2.5	3.5683060413904957
4.0	5.858570710085236
4.0	1.692532332803037
2.5	4.1140654355399064
1.0	1.5060795362961779
1.0	0.9481695267841632
4.0	3.466605463544729
1.0	-1.1782468973276625
1.0	1.2599377390325925
4.0	4.116873248169665
2.5	4.352843001299457
4.0	3.3982022591193486
4.0	3.6134479263676065
4.0	3.6394491302940613
4.0	2.8036708273189856
1.0	-0.6630740756663343
2.5	1.4241654838357545
4.0	4.132304999263364
4.0	4.768160563055871
1.0	3.3458165323625155
2.5	1.997356267731785
1.0	-0.16318858342115838
2.5	2.917435162503131
2.5	3.3740407846110307
1.0	0.5856754369644929
2.5	1.590334932842037
1.0	2.224657540808196
1.0	0.43271593582505685
4.0	5.026225691842377
4.0	3.9300300583277004
1.0	1.5154442470115264
4.0	2.5194125794539266
1.0	0.7111339060492708
1.0	0.7422896762151419
1.0	1.7006033067723818
2.5	2.1796226233626266
1.0	1.7277501476805588
2.5	2.541676378026702
2.5	3.319501258155064
1.0	0.25895871677822246
4.0	4.199611625309409
4.0	4.001660500199589
2.5	2.8588463275362566
4.0	3.09227357095513
4.0	4.071045706657124
1.0	0.6151121269051204
2.5	3.8332409876652163
4.0	4.385854306541092
2.5	0.40417534293614876
4.0	5.030373179413071
4.0	3.748972789962409
2.5	2.5178405456474766
1.0	1.1555661784314133
1.0	1.808365701060688
4.0	5.253277641264855
1.0	-0.8959305566835025
1.0	3.1568854270675115
1.0	1.178872120997333
2.5	1.2304313833199976
1.0	-0.10024287180062719
4.0	4.941144678933819
4.0	4.216847905038786
1.0	2.1281876773069355
4.0	5.242081027163423
2.5	2.109116745395321
4.0	2.0605047485407963
4.0	3.427419657999371
4.0	3.3796538042122055
2.5	1.5919005444567425
2.5	3.343552042145957
2.5	3.2262145559208752
4.0	3.3580849700198074
4.0	3.394903914828964
4.0	4.110769414718375
2.5	2.895106513028919
2.5	3.1649061452634513
2.5	4.454197298428705
2.5	1.3200763723301137
2.5	0.6594846217188375
1.0	0.05089722257376894
1.0	2.7222125532356856
1.0	1.4173281138514437
4.0	3.3050578621247375
1.0	0.3042358397374637
2.5	1.5729075442697698
2.5	2.8568043745726692
2.5	2.0075371550944596
2.5	2.756763531968686
1.0	0.29033766542580075
1.0	-0.3116715909955774
1.0	2.274432351045113
4.0	2.7486667242800746
4.0	3.4105929775175845
2.5	1.060761985927648
2.5	2.6740191081826223
2.5	2.853210467675462
4.0	5.193824386555073
1.0	0.7502485366174335
1.0	0.4594462552294126
1.0	0.40795702428153313
1.0	0.4408027266801967
1.0	0.20139976781513969
1.0	-0.23552979304468646
1.0	1.8665598045549414
4.0	7.114734394083758
2.5	1.1602544695758816
4.0	3.3967737137455325
1.0	1.4678643024748186
4.0	5.347289022386088
4.0	3.718976096605552
2.5	2.6794414473722754
1.0	1.383365985569438
4.0	2.1652020455613807
2.5	2.51675151368027
2.5	2.1685168649333946
1.0	2.666358353500627
2.5	2.4257899209685143
2.5	3.049218483446942
1.0	0.5034044242035867
2.5	1.5659859347408052
2.5	2.3950747177284977
4.0	2.93941135808043
1.0	-0.34378213041200834
2.5	1.9571845896771958
4.0	4.720632117153445
2.5	2.8762119165417266
2.5	1.6144073849146123
4.0	4.788912510277022
4.0	3.87172795616376
1.0	0.7863231246985583
4.0	5.689735981940097
4.0	2.3966188108927424
4.0	4.755358952074774
2.5	3.4224951851104257
2.5	2.0751993722004625
1.0	0.01389043424202252
2.5	3.963632163215289
1.0	1.0290678306365244
4.0	5.19962659059075
4.0	2.8015058556352166
2.5	4.123850257254787
1.0	1.1544221878714045
4.0	4.904102490598692
2.5	2.7889489888346977
1.0	0.6993019651018082
2.5	2.4878348211844585
1.0	-0.5487030857189172
1.0	1.0723281136965401
1.0	2.129339241390991
1.0	1.679785141405846
4.0	5.223654638712518
2.5	1.973208418437384
4.0	4.221824074592581
4.0	4.422938091772364
4.0	4.5630996021265755
1.0	1.5729533317332534
4.0	5.531570628693492
4.0	3.553195640591893
1.0	2.208842020548828
2.5	1.8256162441689234
2.5	3.0646235541361198
1.0	2.2619332942166652
4.0	4.2258214827949905
2.5	2.5142555996803977
4.0	3.2563119677640473
4.0	3.8337613478996975
4.0	2.9609081361600813
4.0	3.3011398433814465
1.0	2.0465950849512597
4.0	4.418753176699773
4.0	3.0562613914165784
1.0	0.724839253932652
1.0	0.27904382831220853
1.0	0.5424579932576981
4.0	4.153685383983769
1.0	0.5167221264192534
4.0	1.99792283807991
4.0	2.89250604209892
2.5	1.8400319303758443
2.5	3.489024529695374
2.5	2.0896805610875577
1.0	0.9669445316959803
4.0	3.885389151904366
2.5	2.9987760780205344
4.0	3.372027719473165
2.5	-0.012939596535118447
1.0	1.2541635096392163
1.0	1.9343905493486067
1.0	1.0720573525482482
2.5	2.998806911000293
2.5	2.6568754191024415
1.0	1.7514305634307044
2.5	2.245875292330622
2.5	2.4520061745851915
1.0	1.586878885634388
1.0	1.2648711309907745
2.5	2.9568037031834153
1.0	1.5527536136424307
4.0	5.143031684164766
2.5	2.4154519157798586
4.0	4.305115615140062
4.0	4.761993814615492
4.0	2.4184780246641067
2.5	2.891950638278997
4.0	4.645515733665514
1.0	1.8457837727176543
1.0	0.8186290505350747
1.0	0.2944072968775543
2.5	0.8044645063115208
4.0	4.189294073840857
2.5	0.49880562584313326
1.0	0.9250916305337721
1.0	0.40283946820036054
4.0	4.7421420415116975
1.0	2.90079084297415
4.0	3.687170035231265
2.5	3.090308073189793
1.0	1.589529631703458
1.0	1.896993123815276
1.0	2.4275924592497846
4.0	3.9280263465972682
2.5	1.9940993327435637
2.5	3.0843602222369886
1.0	1.3658889810632344
1.0	1.0674265495843152
4.0	3.4145756554834863
4.0	3.536525946446398
4.0	2.5353217437295914
1.0	4.1575277955860095
2.5	1.3540197882359926
2.5	2.6080957430940477
2.5	2.2981037209533306
4.0	4.2217865429810715
1.0	1.302030792956414
2.5	0.9369914300236342
4.0	5.15863392611265
2.5	2.334732009621402
2.5	3.257088159319809
1.0	0.3277305407351937
4.0	3.6127314203823975
2.5	1.5596969073886644
1.0	0.16381237167698504
2.5	1.6928195392489345
4.0	4.471698205413897
1.0	1.1374401133200138
1.0	0.9604491488193359
1.0	1.7273702933087351
2.5	1.9060178546761901
1.0	1.675192537672773
4.0	2.7553159817664836
2.5	1.7294260011764795
2.5	2.7201778135965533
2.5	1.4990969804951682
2.5	3.4877993195125616
2.5	0.6952346402631258
1.0	0.7481006968194217
1.0	1.0876452798019351
4.0	5.363917123193798
2.5	2.581649647984203
4.0	3.4587540176997402
1.0	0.9667987126768383
4.0	3.796026984893
1.0	2.2654096037949283
4.0	4.418421834487461
1.0	1.1316463931692196
2.5	2.2568600804683574
2.5	3.414140566663135
1.0	1.8722505014281925
1.0	1.2860843444799208
2.5	1.4938981195881924
2.5	2.9462267879000628
2.5	0.3449411739612138
2.5	3.4817370404246826
2.5	2.309164746006888
1.0	-0.15751607441193638
1.0	-0.4893395418559139
2.5	3.0923225136636368
1.0	0.2992148273753251
1.0	1.1124109586417048
4.0	6.8496798108306916
1.0	1.0330429844169062
2.5	4.260217674288677
2.5	3.9509702140887226
2.5	2.735433288583974
4.0	4.721602761685937
1.0	1.523944599414322
1.0	-0.3199233310627094
4.0	2.90689967624297
2.5	2.500358574030075
2.5	1.502789826400177
4.0	2.8676293737279477
4.0	3.0829261818714837
4.0	4.119692317638435
4.0	4.468790226270172
4.0	4.241115937989545
4.0	2.2992280444464486
2.5	2.2270478071517754
2.5	1.9534191085268904
2.5	1.4185042419180824
2.5	3.7369252448588544
1.0	0.8798101786634329
2.5	1.5135628339827556
1.0	2.2997944501323735
1.0	1.3400746177638139
1.0	-0.0011619951657808603
1.0	0.14593634942024603
2.5	2.1239597294342705
1.0	-0.7039824845430949
2.5	2.578024914940313
4.0	5.373746233346313
4.0	5.436325215533061
2.5	2.2704887640959437
1.0	0.5201649072962815
2.5	3.031753815038668
1.0	1.5293382038399073
2.5	3.117002400969086
2.5	2.0715626188269916
2.5	4.557106644790315
1.0	1.1504115037647338
2.5	4.643907627854647
2.5	2.166374458743519
4.0	4.235576818208772
4.0	3.683846050315789
2.5	2.5840900998500884
1.0	0.8720683185264128
4.0	5.247533703458887
4.0	5.268428306635104
4.0	2.383379755414952
1.0	0.21332057880877553
4.0	4.161600880238711
1.0	1.8263685155142875
2.5	3.194606628598655
2.5	1.8053005341203088
1.0	0.9734722398224508
4.0	4.696898971970582
1.0	1.3172003298562869
4.0	5.651173597238425
4.0	4.965880006050682
4.0	2.5318078821010275
1.0	1.0354552932067507
4.0	4.633101224315679
2.5	0.17782294355999229
1.0	0.3621305971282778
2.5	1.824700136390264
4.0	3.146770798395259
2.5	2.735805107680699
1.0	1.2129494932734965
4.0	3.7565320858917097
1.0	0.8668427569857327
2.5	2.533906154601492
4.0	5.892767665774876
4.0	3.1750755583870762
2.5	1.608744465543858
4.0	4.391299189889932
4.0	3.628505232606168
4.0	2.565117584874872
2.5	1.261463745780854
2.5	2.090128756565574
2.5	3.4320243240581734
2.5	0.9484926384849302
1.0	1.4654574158183702
1.0	1.2431733189426977
2.5	3.501537393524724
1.0	1.7143523540419623
2.5	3.958161422681495
2.5	1.4298572934017553
4.0	3.714111932801686
4.0	5.443013548315724
4.0	3.673597268756864
4.0	2.9013376377485254
4.0	6.159575050494471
4.0	3.580405509079938
2.5	2.9331399771152
4.0	5.266428847078711
2.5	1.352345346081885
4.0	5.400432966734418
4.0	4.31644091537463
4.0	2.629853027450781
1.0	1.2646382454471827
1.0	1.1221759782551852
1.0	1.1585939508225298
1.0	1.5808385040473678
4.0	4.015030130798173
4.0	3.080612191186166
4.0	3.731491866160631
2.5	2.435696643432964
2.5	3.0557129261906004
4.0	4.505856491260454
2.5	3.7598260957595513
4.0	4.634283471858169
1.0	0.21239314288406586
2.5	2.3181748684723162
1.0	-1.3489452727837659
2.5	1.568665253769883
1.0	1.6820976038237512
1.0	3.3870175924083132
2.5	-0.3650133597638052
1.0	0.28421957900615713
2.5	2.275033335002489
1.0	0.7144127690001454
1.0	2.283452313079732
2.5	2.3239601167022923
4.0	5.084542374682497
1.0	0.06709504339369787
4.0	4.400018856629139
4.0	5.124255842261624
4.0	2.8272236363469885
2.5	2.021852721027953
1.0	1.8795993793608259
1.0	0.5147288863534772
1.0	0.22200571270493286
1.0	1.4605753786196434
4.0	4.2347330072341425
1.0	1.9304167187137942
1.0	1.5785339969967631
1.0	0.6553073131927999
2.5	3.143871005104583
1.0	0.011955135248055249
2.5	3.774160581501662
1.0	1.352636393123875
2.5	1.4355785506346364
1.0	1.8009095772467563
4.0	5.33080901114969
1.0	0.33669882385081995
1.0	0.014071345443705252
4.0	4.640343287709645
2.5	3.9301991133289316
4.0	3.6580763916191423
2.5	3.1341027848415943
1.0	1.8398483367425047
1.0	2.1713892811971727
2.5	2.440794038927968
1.0	2.0531111954219625
4.0	3.8544719165081704
2.5	2.1675731491935872
2.5	1.083609224586822
1.0	0.4019296382517047
4.0	3.2876281360193573
1.0	1.9557212835408786
4.0	3.986773016295608
4.0	3.008052542585588
1.0	1.5878206627171978
4.0	3.63225694475751
2.5	2.2870452800320735
2.5	2.4266172933604984
2.5	0.822272517897374
1.0	2.219295030970561
4.0	3.8233484544159855
4.0	3.9140139771783873
1.0	0.8787553056655312
2.5	2.0739756907292834
4.0	3.94970427646841
4.0	1.7005561654769492
2.5	1.6418953957605873
4.0	6.766147242489567
4.0	3.8937122745470365
4.0	5.092005901341057
1.0	0.3898378694908099
1.0	0.750264597754678
1.0	1.3877676772819876
1.0	1.1425837238749217
4.0	4.731945908691989
2.5	4.382848241604268
1.0	-0.570310813550065
4.0	4.45737841162526
2.5	2.6056129782030237
2.5	4.4322309569683815
4.0	4.531764444410174
1.0	0.3270436109592135
1.0	2.3310642776023727
4.0	3.3719659441061047
1.0	0.4535090179458253
1.0	1.7634876446716032
4.0	5.77608053324963
4.0	2.599126335610708
4.0	2.563663711626938
1.0	-0.1218400129821795
4.0	4.338326708596978
2.5	3.203082545151006
2.5	3.218184064655744
2.5	2.0733227032220216
1.0	0.07404223866416326
4.0	4.078772697764212
2.5	1.9458724234231193
1.0	0.08574278879544506
2.5	3.3055984569472106
2.5	2.4483107193972966
2.5	2.078386837902965
4.0	3.6802478350649204
2.5	2.770736161624413
1.0	0.618219251983447
2.5	3.1261496461038534
1.0	0.49578894214307045
1.0	1.0481358003021741
2.5	1.082572431540787
2.5	1.8634764928584686
2.5	2.916424768167133
4.0	3.263180348922165
2.5	3.1719283282247877
4.0	3.9809861616565354
1.0	1.3077241976424359
1.0	0.5815932547283382
4.0	4.869881127983519
1.0	2.422871948281607
4.0	3.6462197632782263
4.0	3.0765604301819716
1.0	0.5819510063282959
1.0	-0.0780526115189677
1.0	1.267762084001844
4.0	3.4016889447371588
1.0	1.201740026070724
4.0	5.724927349525103
4.0	3.628526571295292
2.5	0.6351444468461196
2.5	3.508542142635855
2.5	1.2647671478000573
4.0	3.2150494096735334
2.5	3.5182306809191486
2.5	4.1031109855149515
4.0	5.047251106108143
1.0	-0.9770051971587599
4.0	2.6309408277914037
2.5	2.1058344831295055
1.0	-0.5228236216882276
1.0	0.172816569294866
2.5	3.300819916142152
1.0	1.507623473967859
1.0	0.4474308021852291
2.5	1.5252681911874846
4.0	4.9546150306372905
1.0	-0.01478433630843079
1.0	1.3086831586075247
4.0	2.557362817388853
1.0	0.06648166896935181
4.0	4.783111035537763
4.0	3.87154544405822
2.5	2.6414520402558788
2.5	3.4771022707843233
2.5	3.688850040069601
4.0	4.025245936723305
2.5	2.236488650245267
2.5	0.8617176331347862
2.5	1.286105250047428
1.0	0.8679075786258659
4.0	3.3953763382450477
2.5	2.683124409475253
1.0	2.1558025548951103
1.0	-0.43891027811031935
1.0	2.000279118521943
2.5	3.0391846488310614
1.0	0.7296342672161366
1.0	0.7685002008929552
4.0	4.3549143882157795
4.0	3.6938543612242363
4.0	3.982455218168059
1.0	1.3185560085236037
1.0	1.4661632094938244
2.5	2.6416636794368213
1.0	1.5449129649119406
4.0	4.127862107434869
4.0	3.522741344368256
1.0	-0.2356273859253022
2.5	2.268826972021738
4.0	4.22230868716742
1.0	1.8265320705271288
4.0	4.281827252667822
2.5	1.855290097807464
4.0	3.514598212019994
4.0	4.306401117096047
4.0	5.684868924283295
2.5	2.466993144497656
2.5	1.5483304993631517
4.0	3.752007198972943
2.5	3.857680644271367
4.0	3.979374037325386
2.5	2.4606838619670297
4.0	3.807194154211657
2.5	3.324737572376045
2.5	3.933556093035494
4.0	3.7365763879188494
4.0	1.9478283981708424
2.5	1.834103597201442
1.0	1.813867269820705
1.0	0.3885372332903282
1.0	2.243954826460362
2.5	1.9213246166543887
4.0	3.8741416179654165
1.0	0.3864404909924687
4.0	4.390792710917788
2.5	1.896913280320128
1.0	-0.00693481463959178
4.0	4.565831183571513
1.0	2.5048568779633795
2.5	2.688017487482334
1.0	0.7637098504485229
2.5	2.0470997264187893
2.5	1.1583508166972656
4.0	4.485551505777777
4.0	2.044480102633387
2.5	3.19716859384159
2.5	2.6881499577963255
4.0	5.053839306319615
1.0	1.8766034237992462
2.5	0.5473316521405611
2.5	2.7223140255097493
1.0	1.9769064869851594
4.0	3.8925667724505657
4.0	2.725891586182991
2.5	2.827315783868403
1.0	-0.5826236508929061
1.0	3.735769316065913
2.5	2.5275387867546013
1.0	0.059680882103459565
2.5	1.774645579764766
2.5	3.7406124460162355
2.5	1.7006330097681177
4.0	4.837651917161384
4.0	3.4324686970423817
4.0	4.677554693177071
2.5	2.01466740925261
4.0	4.86859588477013
1.0	0.9113279912565773
1.0	3.5477897063635573
4.0	3.9753370445577882
1.0	-0.35141421108113247
4.0	2.874847113722521
2.5	2.1048600258476653
1.0	1.4999532959788935
1.0	1.305410826002042
2.5	1.188313020480362
2.5	2.705084756380788
4.0	4.43458956275858
1.0	0.1197464303060507
1.0	0.7440623793930347
2.5	2.653057303024889
2.5	2.1588521752014787
1.0	1.22002356575435
2.5	4.563894943834405
2.5	4.204984992315526
4.0	4.858110708211341
4.0	3.728926819889895
2.5	2.519874972957412
2.5	3.3333281873046503
1.0	1.1540346781416415
2.5	1.3292490015424883
1.0	3.2063661812795416
1.0	2.485072904446086
2.5	2.122709865116015
2.5	2.844909308004487
2.5	3.174561048263722
2.5	2.4281237844463632
1.0	0.41540406014997366
2.5	1.432905239684652
1.0	2.137993003292321
4.0	3.036283636427887
4.0	3.335147571598275
1.0	0.7528526900177418
2.5	2.905879042847318
4.0	5.967964587739514
2.5	5.005535305685084
4.0	3.0412174436751025
2.5	1.9780859683802812
4.0	2.831503122106083
2.5	2.6054503036695054
4.0	3.7300546203788687
1.0	1.297458952841998
2.5	3.538898140616758
4.0	2.986707356726761
2.5	3.1774398060451934
1.0	1.4748063527249011
4.0	2.612275030537363
2.5	-0.29581851984141094
4.0	3.742068004430972
2.5	3.073083954690273
2.5	3.506042851657246
4.0	3.1942027898517384
4.0	4.425525275647742
4.0	3.020744656018274
4.0	4.792069771966874
4.0	4.160886334707167
2.5	3.3918832080086347
1.0	-1.1624177935294169
4.0	4.37768995659024
1.0	0.5351464491530017
4.0	4.381756835692794
4.0	5.1223806966322885
4.0	3.30102509396186
2.5	2.0138644983833047
1.0	0.5500441251684451
2.5	1.5877999702975214
2.5	2.248178430945032
1.0	-0.23695143630749405
4.0	4.259726786521186
2.5	4.1767435295170365
4.0	4.653318597632747
2.5	3.430425790532548
1.0	1.5401054421691058
1.0	2.0995804229779877
1.0	0.602238341378064
2.5	3.207041303897416
1.0	0.4932328058095701
1.0	3.73398704310113
1.0	-0.3004090736109861
2.5	3.3135637335298442
4.0	1.7114946546950716
1.0	1.0861640624931372
2.5	2.307360559808793
4.0	5.083017125124298
1.0	1.254128977553709
2.5	1.9075781401292677
4.0	4.784958189876365
1.0	0.5583259712890285
2.5	1.5506789669187055
4.0	4.300873994479881
4.0	3.553373448272823
1.0	-0.398908307222108
1.0	-0.2967035191763434
2.5	1.9120642427138281
2.5	1.3057730118991595
2.5	2.5938264756746827
2.5	4.261143215594336
1.0	1.145416506716796
4.0	4.25006068782522
2.5	0.8288900348537465
2.5	0.7393988174227379
2.5	2.281276502917928
1.0	2.6969175610993608
1.0	0.20357207396575405
2.5	1.4782046627811534
4.0	3.290585406576861
2.5	2.2583234910247443
1.0	1.093227036886788
1.0	1.958426640326947
1.0	-0.33116792562817654
4.0	3.1062661891562384
4.0	3.551567147224538
4.0	4.655104577708585
2.5	3.918474637546752
1.0	1.4139043344610047
2.5	2.941680200150147
2.5	2.170706970207733
2.5	1.06797454607272
2.5	5.090013988001566
1.0	0.3804832829429069
1.0	1.9008463065977645
4.0	4.849213107267513
2.5	1.982087225178879
2.5	0.630883994060597
2.5	2.6242928112949
2.5	2.396792193622199
2.5	3.708707594632709
2.5	4.213334709245959
4.0	3.999538143910176
2.5	2.9622111769263357
2.5	3.341243090012874
4.0	2.5462734837144927
1.0	2.5779897977003814
4.0	4.005680548845222
2.5	2.4096101421950484
1.0	0.7128227497147341
4.0	2.797206832676676
4.0	3.790992768366365
1.0	0.4324201703921534
1.0	0.6237401860094698
2.5	1.981984105649202
1.0	0.6509234298711413
4.0	7.377037359584107
1.0	1.2463625183428328
1.0	-0.25895514743059933
2.5	3.8367742377643452
4.0	3.1030564242161796
2.5	1.8868424268998982
1.0	0.2560015180124591
1.0	1.2383547444750083
2.5	2.6280238542602445
1.0	1.9723565896167004
4.0	4.059596506039873
2.5	0.9757844845566743
1.0	0.6433910019888085
1.0	0.9400856044359212
2.5	3.640589641749812
1.0	-0.4356492753512866
1.0	0.5633236980345353
4.0	4.5670514308740415
4.0	4.444339337434816
2.5	3.2049307429344815
4.0	3.160459385635218
4.0	4.622361109327634
1.0	2.2259168081222303
1.0	1.1704028210375665
1.0	1.8691190085950682
2.5	2.6874418266880595
4.0	3.9029185532537016
4.0	4.227099236540379
2.5	0.8688370708605551
4.0	3.0892688684176455
4.0	4.437515364307731
1.0	3.013706073674914
1.0	1.7654973060213486
1.0	1.2499210888441392
2.5	3.285479304510268
2.5	4.753142637505155
1.0	1.7254894487263766
4.0	3.1279408776776405
4.0	4.547895813681278
4.0	2.707389258284721
2.5	3.532829328021055
4.0	3.359211466699353
2.5	0.04454883758978445
2.5	3.583415243111104
2.5	1.3451907401701886
2.5	1.7020375209029959
4.0	4.04096705995851
1.0	1.5494314626070835
4.0	2.978768658431753
4.0	2.623122377562823
2.5	2.51578327040323
1.0	0.6809841253299964
4.0	3.812443161952505
4.0	3.224513450360705
1.0	1.3815597169548777
4.0	4.800118399133702
4.0	5.784374745358363
4.0	3.914395673336296
2.5	2.4377263504744895
2.5	3.8120091448460265
4.0	4.6285768717349995
2.5	1.3243868894164574
1.0	1.2102159717319796
2.5	2.1436645107917984
4.0	5.069707681565301
1.0	1.8583714573445873
4.0	5.828718884867294
4.0	3.5020664447431096
2.5	2.174686781756515
2.5	1.9822926232581821
2.5	1.4892467683445074
4.0	5.404444357843424
1.0	2.778047930647637
1.0	2.554965128638489
1.0	1.303935075878291
1.0	0.6634881646433404
1.0	-1.7730041193392658
2.5	4.431216093319242
4.0	4.811302849793352
4.0	3.7223708252775074
2.5	2.6519147536102228
1.0	1.388480158246467
1.0	1.2822043256769033
2.5	2.0822613970472568
2.5	1.94840570135917
4.0	3.1019146362455023
4.0	4.053301450925062
1.0	0.8201541499672365
4.0	3.542693250337507
1.0	0.38692813220223177
1.0	0.49035459661778724
2.5	2.372553027204958
1.0	0.3641006442244725
4.0	5.447044046260252
4.0	2.441052813177893
4.0	3.1475409307765387
2.5	0.6849911005064593
1.0	2.906936715473712
1.0	0.44558778244654185
4.0	4.623642950608641
2.5	2.9666276767014934
1.0	0.13453315276290978
2.5	3.66279167340542
1.0	0.9757924244410393
1.0	0.4111384244533818
1.0	1.484058049437682
1.0	1.5747570417669077
2.5	2.5090740877994224
1.0	2.0841275417808296
1.0	1.4763693013312882
1.0	1.5286081214704585
4.0	4.89363303340282
4.0	5.061461379125499
2.5	2.446999728028411
4.0	5.722643167677265
1.0	1.6101949894814607
2.5	1.2893536221041024
4.0	4.366825105231847
2.5	2.034625853087533
2.5	3.154271876388531
4.0	4.229743193142621
1.0	0.7042643037317966
2.5	2.8361853901008494
4.0	3.781131739684982
4.0	5.39041712424609
2.5	2.2201700843764316
1.0	0.3445733635051603
1.0	-0.3738485021617084
2.5	1.9714566746435807
1.0	2.4752589138933168
1.0	0.7276065651851988
1.0	-0.09975926836845428
2.5	2.4456077396303586
1.0	0.4417419647399511
2.5	2.7281044663585985
4.0	2.84347249925184
2.5	3.600181158315821
1.0	1.1744935134471988
2.5	2.223021031396653
2.5	2.3510400874151385
4.0	2.0261715836556036
4.0	3.0370905390571594
2.5	3.445230860698067
1.0	1.0298950949099879
1.0	0.0018197664701833371
2.5	2.3525718658801797
4.0	4.306900058376907
1.0	1.7897242733251173
4.0	3.6330496291493866
2.5	3.575021867537293
1.0	0.4382153814500648
1.0	0.4793967913651237
4.0	3.745335564326483
4.0	3.6729309169022915
1.0	0.8931543079589661
1.0	0.4965251905197262
4.0	3.8439116586653643
2.5	3.8673650079788566
2.5	2.3097386791217547
2.5	1.492250019415899
2.5	2.017220413265587
2.5	1.9130428301974651
4.0	4.894328523392151
1.0	2.7964164446546644
4.0	4.010235883842217
4.0	3.524654823598708
1.0	1.256766555075485
2.5	3.0328245866121595
2.5	1.1791743502493806
1.0	0.2515530022625948
2.5	2.2850746185342743
2.5	3.031440332310288
2.5	3.3216794899721966
4.0	3.5300807392056885
2.5	3.6508855698636076
4.0	4.481527968495726
4.0	3.3491444954070144
4.0	2.76772020657864
2.5	1.6239066360179049
2.5	2.229389230869059
4.0	2.8737790505232073
4.0	4.582875806621873
2.5	1.1425601254273599
2.5	2.363363168189574
2.5	3.456826082960909
1.0	-0.12154363487475006
2.5	2.2096736480610106
1.0	2.6021597208722707
1.0	1.5280314463141615
1.0	1.917968227494946
2.5	3.4258768042806675
2.5	3.113736976519561
4.0	4.579484018711379
2.5	4.416966644850733
2.5	2.954788360048861
1.0	-0.5782631253553634
2.5	2.504970038392624
4.0	4.018683772626734
1.0	0.6787266237422207
4.0	4.212293459317862
1.0	2.0737392077231807
1.0	2.247377533392272
1.0	-0.2311716690649257
1.0	2.0258834039681064
1.0	1.3654312681461225
2.5	1.5287587597427406
2.5	0.6852803053861558
4.0	3.5398342306347828
1.0	1.8015955873120806
1.0	0.4949384841349793
4.0	5.545322753126929
2.5	3.499812310942657
4.0	5.213216493838772
4.0	0.31726611338576216
1.0	1.4037011607769985
2.5	2.477889210884542
1.0	0.9968310838303951
2.5	3.368819587409099
4.0	2.4892133907926723
2.5	0.43985507197641116
4.0	5.462808479127479
2.5	2.233391413913075
4.0	4.707216045781318
1.0	2.1352071758097546
4.0	3.8199146189770525
2.5	2.935114439274091
1.0	1.1668990661824774
2.5	2.620944747013885
2.5	0.7108986281899556
2.5	0.9640324578189008
4.0	5.071515932727401
1.0	0.3344813257167716
1.0	0.4416755491532306
1.0	0.9787528367486272
1.0	1.4972002217095441
4.0	3.528815063221335
2.5	4.06988958101409
4.0	4.375301712705868
2.5	1.919333118933782
1.0	-0.03493579511581868
4.0	3.855611484755119
4.0	3.041119378520402
4.0	3.7070982467920497
4.0	3.210705151083923
4.0	3.455622145686159
2.5	1.2808731986723199
2.5	1.5907003092566594
2.5	2.431242980180208
4.0	4.4002987048334665
2.5	4.265343162128142
1.0	0.7432788154216194
1.0	-1.0519380748935192
2.5	-0.6063408331898419
2.5	3.5930524703213558
4.0	4.173493706257148
4.0	4.8856514736183465
2.5	2.488375844375971
1.0	0.4041004996539519
4.0	4.091572722553618
2.5	3.398832592298829
4.0	4.1209055654888695
4.0	2.0514907515615493
1.0	1.6468195742814042
1.0	1.4082156815762457
2.5	3.1518697512324465
1.0	0.4597215031405487
2.5	3.347181352976672
1.0	-0.3753840093834149
1.0	0.891952506837489
4.0	5.129370796131538
2.5	2.0087185815758306
2.5	2.6619904215173955
2.5	3.681659136419797
1.0	-0.1044240199524602
4.0	2.2804464106733464
1.0	0.7155460651186533
4.0	5.545459379250083
2.5	3.006148389840969
4.0	3.8263960648672786
2.5	1.460434331685367
1.0	0.21258127238480207
2.5	0.4389993704527244
2.5	3.3980751395240785
4.0	4.19190940020255
2.5	1.8981842925710708
1.0	0.8793099247768708
1.0	0.3791813341294693
4.0	3.773890409298881
1.0	-0.7420194928720236
1.0	1.6429788927088222
1.0	2.165762120832958
1.0	-0.05898029870640342
1.0	0.8481193953833912
2.5	2.2082372959869403
2.5	2.647316250123047
2.5	2.5083254427235206
4.0	4.195511591487266
2.5	1.9304028844486267
1.0	2.556828288327771
4.0	4.052012665426098
2.5	3.4875478657886196
1.0	0.33132563083604494
1.0	-0.21951556451218313
4.0	4.811593069083955
4.0	3.388111277182217
1.0	2.029371679320029
1.0	3.3030388177086256
4.0	4.952428511803949
4.0	6.05084842248867
2.5	2.573090357145068
4.0	3.4020835610751403
2.5	2.1453720787798094
4.0	3.1194727035063523
2.5	2.333616281049831
2.5	2.9534490283576074
2.5	1.5101431496332363
1.0	1.1908443938542421
1.0	2.014854703373612
4.0	4.1886312970583734
1.0	1.3233730446839875
4.0	4.356366669228968
2.5	2.8054912835094736
1.0	1.6414789803609755
1.0	-0.5382607844716738
2.5	1.0491190029411046
1.0	1.4542798897022506
4.0	5.108096175586299
4.0	4.735736364633544
1.0	0.6256626910709471
1.0	1.8204874921240188
4.0	2.350514483401249
4.0	3.226735492693106
1.0	0.46379989627408
2.5	2.4152343656373834
4.0	2.8542498877140785
2.5	2.5512953246631267
1.0	0.11332509353162357
2.5	3.335631011146093
2.5	3.259054164691745
4.0	3.501143422749306
1.0	1.5406526873903792
1.0	0.5086100678008595
4.0	4.247160000021409
4.0	3.498258387380997
2.5	3.654032558990494
1.0	1.5564783060006995
2.5	1.7769619300953519
4.0	4.472039403252407
4.0	4.6036918246848195
2.5	2.4485730228750326
1.0	2.7433977303882298
1.0	2.555889526249678
2.5	0.48773790392745653
2.5	3.2919650304595693
2.5	4.4804856834016205
1.0	2.1370640527265445
4.0	5.362113673931775
1.0	1.9328493719743158
1.0	1.3486091133543094
2.5	2.1963441254464016
1.0	1.1347925684197908
4.0	3.4047164480812544
4.0	3.1609591397641625
4.0	3.362118444685061
4.0	4.224226715796319
4.0	4.869820146892362
4.0	5.541239107960988
2.5	2.5731232719308172
4.0	3.8685369364995283
4.0	4.360507319198058
2.5	1.2356479425229197
1.0	0.660992082428862
4.0	4.114351248891467
4.0	3.0241832690040464
1.0	1.753336206419685
4.0	2.688731889446543
1.0	0.6960281426127942
2.5	1.5786204735225193
1.0	2.0651311215722874
2.5	2.936823466706702
4.0	4.843639675919335
2.5	2.4508176415105156
4.0	2.9350474060181377
1.0	0.22445730370918426
2.5	3.0252371599262258
4.0	3.346598330847026
1.0	-0.6891550237998723
1.0	-0.907715056425449
2.5	1.701831750964319
2.5	2.4894650984220714
4.0	4.314348636827864
2.5	3.4522385307061496
2.5	2.8104323607145267
4.0	3.2559847605096293
4.0	4.3012742309554195
1.0	0.6975151812852187
4.0	4.665311619639406
2.5	2.4170945102601595
1.0	-0.42306503553557495
4.0	2.8555054413046843
2.5	1.7280843589194856
1.0	1.138362392251007
4.0	1.9879288713823335
1.0	2.7352433396254123
1.0	1.0033931316983689
2.5	2.14349010101966
2.5	2.9815007887042926
4.0	4.356223701624656
4.0	3.6315328258082635
2.5	2.6851095962955385
2.5	2.491486624273466
2.5	1.593855668847092
1.0	0.03937020892111176
1.0	1.9737875962981528
1.0	-0.424604108107999
2.5	3.0569650768812546
4.0	4.189002616781752
1.0	1.7797056436190646
1.0	0.928666979852073
2.5	2.871568685442028
1.0	1.999825854289509
1.0	2.8431392154940665
1.0	0.19122888453869935
4.0	5.140409488434197
2.5	1.2581656953976204
4.0	4.154646759739202
4.0	4.877267750945933
4.0	5.974466356996485
2.5	0.9627034952816966
4.0	3.8475250632994262
4.0	4.56851397409677
4.0	5.334201929543032
2.5	2.166564636326232
4.0	4.130244839277358
1.0	1.6567877414111942
2.5	4.238752247915992
2.5	1.7333469212714383
4.0	2.5055944845099356
2.5	2.3005241103735488
4.0	5.286790778293254
1.0	1.0844120182995356
4.0	4.227503133678583
1.0	0.6566576091767888
2.5	1.3149766218268564
4.0	6.344594973424203
4.0	2.662281087967233
2.5	1.4675217527962579
4.0	2.934281906354939
1.0	0.9928677853757221
2.5	2.5576534307483403
2.5	2.9481508804996444
2.5	2.268906085872581
2.5	2.667093562876176
1.0	1.5971874681650493
4.0	3.5042268029713872
4.0	4.328652101589902
2.5	2.720952796397155
2.5	1.3802249553106083
1.0	1.6319614513628973
2.5	3.5822313119417
2.5	2.1020507341256467
1.0	2.422789480786605
2.5	3.376117407044803
2.5	2.651110608935996
4.0	2.5221733118158554
4.0	5.3650323860250335
2.5	0.4474530645207708
2.5	0.7155148473489432
2.5	1.0505919953934113
4.0	4.7390907670736935
4.0	3.5533638800717027
1.0	0.2922315859074125
1.0	1.8560059750808557
4.0	5.136343977956577
2.5	2.0752379400051546
1.0	1.4683869012041024
1.0	0.6702151647931585
1.0	1.866037470674407
2.5	2.2837824131004294
4.0	3.4288863624559482
4.0	4.677687995757226
2.5	3.380695657541647
4.0	3.5195507236034134
1.0	-0.38183520450378405
2.5	2.5026041177134295
4.0	4.161641832349821
4.0	4.21459311300298
1.0	1.0924217225026345
2.5	3.3105038522217693
2.5	3.57028995383538
4.0	3.5686709702369144
4.0	4.371282944890396
4.0	4.634987985017659
1.0	1.500872777576653
4.0	4.853240705510347
1.0	1.937579471225272
2.5	2.0214163668028817
1.0	0.9810221364474737
1.0	1.2418760156777744
1.0	1.7825446765798258
2.5	4.043291165597157
2.5	3.8736198568552487
1.0	2.019896707557276
1.0	1.9270171356959342
2.5	2.876428477759948
1.0	1.22294034422246
1.0	1.7839051245282154
1.0	2.7137803229793462
4.0	3.1367779098286173
2.5	1.1673295173024718
1.0	2.144903218133005
2.5	1.8732845657712884
1.0	1.3430961754190693
2.5	1.4542920706908058
2.5	3.1578388828105406
1.0	0.7216825904546804
2.5	3.4469615108989844
4.0	5.804108097517476
4.0	2.2634888820629167
4.0	3.037543172988269
1.0	0.5678691342902185
4.0	3.811805767746319
2.5	2.4100672872577054
1.0	0.1896905614561848
1.0	0.9978271497505046
1.0	-0.317948450538573
1.0	1.4603815632410246
4.0	4.262506032625676
2.5	2.746561933378671
4.0	2.133103154345551
4.0	3.1811707354537244
4.0	4.178069574356624
2.5	3.459924192914624
1.0	2.216695826619145
2.5	3.576809777595776
2.5	3.405019828129632
4.0	4.442054478143606
4.0	2.6957625313086626
4.0	3.599136413425479
1.0	1.9027868477460963
2.5	1.961089021347695
1.0	0.18988170405164606
2.5	2.5677796450562234
4.0	5.566336639036024
4.0	3.106819367015253
2.5	3.6583306056634175
1.0	0.8364703998857363
1.0	0.5887740505606011
2.5	1.2664632599720242
1.0	1.0741269546740317
2.5	2.7304310538929233
4.0	3.8087177803760035
1.0	2.4051026464434178
1.0	1.562740954897945
2.5	2.2745347715169437
2.5	2.3300666160812513
4.0	5.4552854098812436
1.0	1.163873561863055
2.5	1.5815701801009139
4.0	3.1922852325965785
2.5	2.663926127981118
4.0	4.722230914526795
2.5	1.4128239696930827
2.5	3.6369474141499483
2.5	0.6401263038781175
1.0	1.5624954919643135
1.0	1.0551450366561979
4.0	4.857103485319065
2.5	3.955410829087306
2.5	2.990354587280839
2.5	2.6190241840795645
4.0	4.9748018591521665
1.0	2.7063995216212566
1.0	0.6558772051247816
2.5	2.1862438364219243
2.5	4.102967569635167
1.0	0.460601829487422
4.0	2.819790810458481
2.5	2.230367308674686
2.5	2.700852676179401
1.0	3.9351563055916934
4.0	2.3862674702119957
1.0	0.786019329668408
1.0	0.7490674743498322
1.0	1.446931886070869
2.5	3.5763540464628454
1.0	4.623670735222582
1.0	2.0298675670184845
4.0	4.569353185837102
2.5	1.4884353177387049
2.5	4.710204941416172
2.5	2.0602206755165913
4.0	4.5945948550790545
1.0	2.2258639620269602
2.5	3.1134976962288805
1.0	0.5485590206384794
1.0	1.985503937577573
2.5	3.7406353418126725
1.0	1.6554261249552318
2.5	4.110410636693907
1.0	1.4837970767593789
1.0	1.4497449636849382
4.0	4.332123892317761
4.0	3.8676568149137838
2.5	3.6038941835807323
4.0	5.443008088337784
4.0	3.112228664868389
1.0	2.9199860267651925
1.0	1.9825555989555306
2.5	2.595260731401819
2.5	3.4680997105291516
2.5	2.441477988212483
1.0	0.7791718520061481
2.5	3.3321574526998177
1.0	1.2261315433638802
2.5	0.8993629638400866
2.5	4.145448862010696
2.5	3.387092311303327
2.5	2.024711691753669
2.5	3.7101793390026083
2.5	1.9086248371097108
4.0	2.4543692894459364
1.0	0.7171278856912553
4.0	3.591588857866172
2.5	3.5409809428123538
4.0	4.428993310600564
4.0	3.613000224539865
4.0	2.3118514082405053
4.0	3.8077817273695302
4.0	4.845908195629313
1.0	1.6678335763972263
2.5	2.8317546938816998
1.0	-1.4289430878779532
4.0	4.714530289887426
1.0	0.1622580543256249
4.0	4.6759315933777685
4.0	4.244814901044562
2.5	1.1468575955998785
2.5	2.7987190075140207
1.0	-0.9824835821243112
1.0	1.5669257057373636
2.5	2.0989524678551925
1.0	2.6373647460807157
2.5	4.019456491887709
4.0	3.9287330162002525
2.5	1.8695776034536116
4.0	7.04489442764204
4.0	3.241849919029899
2.5	0.702579357509451
4.0	2.7816807970197805
2.5	2.8855296102698107
4.0	4.632811559148737
2.5	4.793886878501544
2.5	0.6798891621375596
1.0	0.2565711644118823
2.5	2.8285926541744715
2.5	2.652670258596086
4.0	4.240647535485856
2.5	2.0690807492397125
2.5	2.899087634545691
1.0	1.3028365254957506
4.0	6.854221255762923
2.5	2.9863140799733414
2.5	3.206432878657686
2.5	3.916180307018776
1.0	-0.2698048418726171
2.5	2.4708934895373633
4.0	3.529397893472781
2.5	1.9623738728976803
2.5	3.2593704304577544
1.0	1.2105516390482243
1.0	0.32322167998055484
2.5	2.860790357912183
1.0	2.547014893069515
4.0	2.6822048384527313
4.0	3.9031973159781526
2.5	2.538667827096176
1.0	0.5092766807994658
4.0	3.110947308605947
1.0	0.043984011333458084
1.0	2.117937619257747
1.0	-0.19551255366800802
1.0	0.5020535229957552
4.0	3.5894322750957834
4.0	4.914910921848795
1.0	1.6709054930739842
1.0	0.9994165226248054
2.5	3.4955147726786557
2.5	1.4890854084170737
2.5	1.2640455062209641
2.5	1.7745036666744372
2.5	1.8770763837126858
4.0	3.9323014234736733
4.0	3.106080316238383
4.0	4.106034552031116
2.5	2.065908678940106
2.5	2.465767268605123
2.5	4.219084032871577
1.0	1.8451065332089231
1.0	0.11670759994535185
1.0	2.059621889930995
4.0	4.869169197854232
1.0	1.4345228161180685
2.5	2.4088045137570875
4.0	2.9058115631117376
1.0	1.1493250058346123
4.0	5.169780099875309
2.5	1.7679687864641176
2.5	3.207656897711822
1.0	1.5455458266062356
2.5	2.925647048519434
1.0	0.6933094415173422
1.0	0.9066134818673786
4.0	3.9294156742434305
1.0	1.2065343642814106
1.0	-0.18274624658080962
2.5	2.603667690174102
4.0	2.90038769333146
1.0	-0.08543484637628596
2.5	2.791619583087387
1.0	1.3241167538278438
1.0	2.2950332722481974
4.0	4.166458661940511
2.5	2.593536586074035
1.0	1.1240686113301415
4.0	3.276628569983608
4.0	4.814972217887698
1.0	-0.010142522093982587
4.0	3.94418940684416
4.0	3.668733225740291
4.0	4.29654279226676
2.5	1.7797856937240955
4.0	5.126726121836527
1.0	1.0353786528911764
1.0	-0.6894253917733497
2.5	3.727117978066115
1.0	0.9502623988885541
4.0	4.179477348337852
4.0	2.3601345988266567
1.0	0.8608245469820133
2.5	2.4166704020157934
4.0	3.8265479980860446
1.0	0.5148832041362943
2.5	3.266898670117392
1.0	1.7832513895676732
4.0	5.394503369454573
4.0	3.908321673895088
4.0	4.932111486415593
1.0	0.5090554764777089
1.0	1.3222189089962633
2.5	2.6163719443300186
1.0	0.4679447663658459
4.0	4.10588939807177
2.5	2.3229735865039607
4.0	4.4338878413956415
1.0	1.3085544415099766
4.0	5.125860682308488
2.5	2.6621943591309236
2.5	3.012201567985709
1.0	1.4538537315277522
1.0	2.3098588850948234
4.0	4.2481811250132875
1.0	2.5031226875137107
1.0	1.0837684251661397
1.0	1.4004963682765772
2.5	2.58787021090286
4.0	2.756151212754829
2.5	2.6343920878591884
1.0	0.015034380763531363
2.5	4.709772108541767
4.0	3.862137442778573
4.0	6.014778334728462
1.0	1.9207317606195229
2.5	2.623707256560144
4.0	5.667005464912514
2.5	1.8352496870615282
1.0	0.5710936922416945
1.0	-0.4309084659920823
1.0	0.9777787014853757
1.0	2.2892390689700783
1.0	0.01786132427235909
1.0	1.6809684758351828
2.5	3.730669400368437
1.0	1.1555518225525256
4.0	5.033996650458361
2.5	1.9519087407633877
4.0	4.909145065900594
1.0	-0.5855611588545189
4.0	3.622318967951778
4.0	4.961199442396241
1.0	2.0527632000311415
4.0	3.9646928068307368
2.5	3.4022212523079682
2.5	1.5846281834800136
4.0	5.322920886569726
1.0	2.7262545265598996
4.0	3.080506281238449
4.0	3.5978633930515893
2.5	3.721990061537542
2.5	1.6375836570416478
1.0	1.1104497087046274
4.0	4.502423858864565
1.0	-0.09770153555567718
4.0	2.642289658389828
1.0	1.4512960325304176
4.0	4.993706823295834
2.5	3.174753113956169
2.5	2.068700983863083
2.5	4.107172818948392
1.0	0.7442477454060927
1.0	1.638261661204146
2.5	2.811487605780405
1.0	1.6507032295243165
2.5	2.4811964340516406
1.0	0.12617993482984946
4.0	4.907863270152628
2.5	3.1445823961271695
1.0	1.3222253482994488
2.5	3.4211906108009402
1.0	1.2603956656624802
4.0	3.8615897107360673
2.5	3.1968651170236075
2.5	2.1745356963009885
4.0	3.096897869317198
1.0	0.8310235057151891
1.0	1.5071177911782643
1.0	1.6020637727434854
2.5	2.976760944998732
1.0	-0.8321076515396952
2.5	1.9723252233634012
1.0	0.3086565720266593
4.0	4.509153998437168
1.0	1.3610201648484233
1.0	2.3726046933860347
4.0	3.7959013272051516
4.0	5.023525330313607
2.5	1.9522584243331067
2.5	2.0457077685594514
1.0	0.8056986549815731
2.5	0.9918587865087354
4.0	2.0872696639646975
1.0	1.658529663932454
4.0	3.6437812558702207
1.0	0.843024031442624
4.0	3.6630776147652284
2.5	2.9509624793183784
1.0	0.07338831201808937
1.0	2.9324246561305354
2.5	2.19311377532468
4.0	3.713749226547497
4.0	4.373947041349856
1.0	-0.01569500208323249
1.0	-0.9511319018928648
4.0	1.850731836634758
4.0	3.7140119119612955
1.0	0.9511474655906663
4.0	2.5116837584459697
2.5	2.3333563425017223
4.0	4.6520464754985476
4.0	3.4489586513747064
4.0	4.624484456834709
1.0	-2.020352636683388
1.0	2.5529882075076173
1.0	0.28648189000727253
1.0	1.1934595467937772
4.0	3.614296187987483
4.0	5.1460416318643505
1.0	1.6592172090901158
2.5	2.680696775973541
2.5	2.8772489952412865
1.0	-0.4037569118728288
4.0	3.854476468880936
2.5	2.409413137358899
1.0	-1.279722387710018
1.0	1.2771877694032887
2.5	3.504689418174332
2.5	1.8912796718347753
4.0	3.2028599503594704
1.0	1.3197488294800737
4.0	5.656773438282802
4.0	3.9745530566850507
1.0	2.9172090163370004
1.0	1.7226989864460256
4.0	4.51377420786487
4.0	4.980564666034745
4.0	3.547891644824715
1.0	1.7910167551270644
4.0	4.429670585029496
2.5	4.174448187126296
1.0	0.5222617235585911
4.0	6.283241150642688
4.0	3.6564768981809803
2.5	3.998307770708477
1.0	1.1005936489204171
4.0	4.006917239285295
4.0	4.009304271968189
4.0	3.7320019266869178
2.5	2.211245271343888
2.5	3.132032821828707
2.5	2.89280053484773
2.5	1.9902333736043047
2.5	1.0893691147054447
2.5	3.3232361318493604
4.0	7.056056877055171
2.5	4.090067471733205
4.0	5.384155344709605
1.0	1.1843166166315677
1.0	-0.18563674406303998
2.5	2.5562446585392244
1.0	1.8293322194087789
2.5	1.3341526159216128
4.0	3.9034840114216625
4.0	2.4040120787323422
2.5	5.058783859856884
4.0	3.8621794146455195
2.5	1.8724251819519824
4.0	5.136509466986124
2.5	0.8276486254806887
2.5	2.555173574371375
1.0	1.2637972676319185
2.5	4.020375706898858
1.0	1.5471291222374126
1.0	-1.975365953995032
4.0	3.877457354428665
2.5	1.0315961257191963
1.0	1.6013636475846216
1.0	0.5298150455194117
2.5	2.8151855178709813
1.0	0.7364747400051675
2.5	3.671728327156523
2.5	3.333445091585468
4.0	3.2338089559906873
1.0	1.4127471293684635
1.0	0.6148343053084622
1.0	-0.40703456467987364
1.0	-0.5006487828647233
2.5	3.774598755452896
2.5	1.8453750386126084
1.0	0.9556932586177123
2.5	0.9814568051856327
1.0	2.0392088675459803
2.5	2.581811700870839
4.0	3.4043003901257407
2.5	1.6794332063098425
1.0	1.3134606451203237
4.0	3.8567973526838504
4.0	4.254834588952072
4.0	4.223557816227145
1.0	0.8779896274828244
1.0	2.8497324119463734
1.0	1.354644175027373
4.0	5.429538466951168
1.0	1.7269136459612722
1.0	1.51455467993497
1.0	1.3739224635913447
2.5	1.644025560555734
4.0	6.662332046328285
4.0	2.5187126920309937
1.0	0.9101068434031554
1.0	1.469875916605982
1.0	-0.4346172943832227
2.5	4.377923078835774
2.5	2.530886375916347
1.0	1.3466449609726672
1.0	0.6885445677531885
4.0	2.056705304897358
4.0	7.119382270776746
2.5	2.003937186864027
4.0	2.9231324711267788
1.0	2.284058940391329
1.0	0.24684600107824062
2.5	2.3308304819332144
2.5	3.075106368175413
4.0	4.677897002391731
2.5	2.2249608321569005
1.0	2.405291879677949
4.0	5.401877368778761
2.5	2.4046457247646282
4.0	6.241870543569508
1.0	0.7371177715285806
4.0	3.086718207225042
1.0	0.7611778710653595
4.0	4.112518354014185
2.5	2.289588414349181
1.0	1.0946117888759348
2.5	2.5483045486747344
2.5	3.6032152835208384
2.5	4.368247937136433
2.5	5.165530010376252
1.0	0.36937742507732896
1.0	0.9387560163046976
4.0	2.908620092619707
2.5	2.5170263729135547
4.0	2.69764357661673
2.5	3.1274543009537683
4.0	2.479311193714885
1.0	0.1062342048203112
1.0	-0.5046083103194603
2.5	1.2026403851756802
1.0	1.051987930345144
1.0	1.8079454239681185
1.0	0.6291785335025667
1.0	0.5701701883324786
4.0	4.049564582087156
2.5	3.8005894859547444
4.0	4.035937394562606
1.0	1.0395748933771292
4.0	1.9279870569708746
4.0	4.356901284366794
2.5	3.6603500161029086
1.0	1.3476430489203448
1.0	1.0792119744472215
4.0	4.573559896496103
2.5	1.8674215787289214
1.0	-1.1123053609247835
4.0	5.667762090960783
1.0	-0.9384907593068679
2.5	2.929644413349958
4.0	5.498068343044773
1.0	2.3109801374254406
4.0	3.6482102739841498
4.0	3.7541546601105034
1.0	1.6297133601145517
4.0	4.102365831982164
1.0	-0.2631736316579254
4.0	1.4127254426019635
1.0	1.2526402096904028
4.0	4.537233038562814
1.0	2.7861240502100664
2.5	2.198467704836825
4.0	3.825073186567385
1.0	-0.9354139357516853
4.0	2.9520531009612325
2.5	2.606482525206728
4.0	2.4424603944945913
4.0	3.3437575333292147
2.5	2.781772818067636
1.0	-0.1462456137965984
2.5	1.4997203857257768
4.0	5.177939149369428
1.0	1.8768628823167275
1.0	0.7823953783237514
4.0	5.147838560101846
4.0	3.355562027060892
1.0	2.0329881247764314
2.5	1.8833461371469657
1.0	0.15367053343298365
1.0	0.1409680098593178
2.5	3.4865355300462753
4.0	3.2371816874984543
4.0	4.41930345064268
1.0	0.404160463209032
2.5	4.050142648858735
1.0	1.0652885831096026
4.0	2.7256080142000556
4.0	2.7398898741960727
4.0	4.637680520121124
4.0	3.4793630932788933
4.0	3.896060374616914
2.5	3.3068899542002668
2.5	2.5770737932633594
2.5	1.2115253077461532
2.5	3.3303894551048656
2.5	2.8233576024096303
1.0	0.6174492040143881
1.0	1.0192804226190222
4.0	3.3579549629835523
2.5	2.1064504518444767
2.5	2.66237317672534
2.5	1.5447044372846732
2.5	1.8452015709199492
1.0	1.8244628844500737
4.0	3.9646990177316495
4.0	3.849331167939859
2.5	2.246504999455053
1.0	3.359196805600916
2.5	3.250529813861511
4.0	3.4930913328900863
4.0	4.356838178623619
4.0	5.256103015943254
4.0	4.3019862883213325
4.0	3.994345498561871
2.5	3.5248879095221834
1.0	0.03925490046750302
4.0	3.7881580925226426
4.0	3.5379322253124768
2.5	1.2994103855905044
2.5	1.3576799289929338
1.0	1.0922820738440675
1.0	0.4442236790897045
1.0	0.4798077196873183
4.0	3.073840672772636
1.0	2.4248267448794047
4.0	4.041666915650559
1.0	1.1229333253516387
2.5	2.8726346025922287
1.0	1.7952579106657818
4.0	2.1470229462288093
2.5	2.4068265523089383
1.0	1.0708092416026138
1.0	1.3122882939286484
1.0	0.5850859520686558
2.5	1.1936269443349434
1.0	0.7029280626386978
2.5	1.289459311772477
1.0	1.1022780185685672
4.0	4.294271656699849
4.0	2.2411170174134982
2.5	2.103694982507432
4.0	5.18128977097893
1.0	0.835199898054191
1.0	0.5896019851921325
4.0	3.61554643104747
4.0	4.325625746290073
2.5	3.398761433982715
2.5	3.1922680049266465
2.5	2.7726397458405865
2.5	1.1125005821483123
2.5	3.471050913271169
2.5	2.7622536511722195
4.0	4.090914829900531
2.5	3.4977835604164538
1.0	2.014340812536792
2.5	2.458002488877578
1.0	1.9007370270366115
1.0	1.3877302156529905
4.0	3.0632278006973688
1.0	1.1610168216271899
1.0	1.4790556942009787
4.0	2.9904952965848812
2.5	2.911424405619565
2.5	2.7011788257385625
2.5	4.790698895682917
2.5	2.075977298921803
2.5	1.508119795879458
4.0	3.7127210874923886
4.0	4.456987535341334
1.0	3.0001967276608954
1.0	-0.432073657095736
2.5	3.0277128508773905
2.5	2.847580794063629
1.0	1.6457406701575727
2.5	0.9554138498927793
2.5	2.225523083075912
1.0	1.2151977513891632
1.0	1.5462244224897232
2.5	1.946709989442249
2.5	4.232350750009193
2.5	1.8794104770271907
4.0	4.030082904871523
2.5	2.3074583309596126
2.5	2.50010401128886
4.0	3.8527014909690296
4.0	4.103808185555767
2.5	3.4002543638036227
1.0	0.826575911820175
1.0	1.01644755749871
2.5	3.847385744970863
1.0	1.0224448302499758
2.5	0.9689835778216989
4.0	3.02007818325143
2.5	-0.33387162693770556
2.5	2.602832325099592
1.0	0.07131036765313858
4.0	5.580087215904807
1.0	1.6331883355439172
4.0	2.930966136042713
4.0	2.787303007534894
2.5	3.6105911817928797
4.0	4.638308866356669
4.0	6.071714800125967
4.0	3.5583570704428777
4.0	6.576161261533745
4.0	3.7900395608211617
4.0	4.891995325469588
1.0	0.16736821788769995
1.0	2.0899002215896543
1.0	1.3916947359621175
1.0	2.6345212117589853
1.0	0.2237865141404629
1.0	2.506559773425373
2.5	2.026527077461905
1.0	0.4622634307141694
2.5	3.3633489923483104
2.5	1.8475666793884087
1.0	0.6187846517887907
1.0	2.5740962023591
1.0	1.705486127794376
1.0	0.23798901658706706
1.0	1.6948623094042117
4.0	3.1372262086022467
4.0	3.7391837343927308
4.0	4.920940380543513
2.5	0.24869994283755092
2.5	2.416919503950763
2.5	3.070495206972293
1.0	1.9496671338886056
2.5	5.52790205232751
4.0	1.462058918877848
4.0	3.524734997027097
4.0	3.5507220056443396
4.0	4.0287806703019085
2.5	2.434238204000673
1.0	2.3840764359404982
1.0	0.03467180070721043
2.5	1.4492656160992072
1.0	1.3445281547397125
1.0	-0.1316846869871029
1.0	0.8760066217148329
4.0	2.541256050769227
1.0	1.4429190151899576
2.5	1.8647907185508432
2.5	2.9889569263319493
1.0	0.005056434862668713
1.0	1.5440890897574318
2.5	2.5122747292042216
4.0	4.382403843554138
1.0	-0.7986097596437227
4.0	5.096348262365453
4.0	4.361174578382105
4.0	4.746683288515049
4.0	2.8499762025573308
2.5	3.1626349083821
1.0	0.20129440603249726
4.0	2.3841913108904893
2.5	1.8997412845453563
1.0	-2.060374510746317
1.0	1.4742028661712476
4.0	4.310764523971822
2.5	2.218124159267556
2.5	1.2074865289517775
1.0	-0.0827095170276102
1.0	2.0116534107679023
4.0	4.14160222764463
2.5	4.74253827070496
2.5	2.715572112259823
2.5	2.2054011021672806
2.5	2.1955518050110014
1.0	-1.40911160522356
4.0	2.035719009830593
1.0	1.2576613609498735
2.5	3.114424721264373
2.5	2.223583960998723
2.5	3.548967328746529
1.0	1.7560304742006125
4.0	4.406287552988734
4.0	2.5292916513478665
1.0	1.5649535809605983
4.0	6.332997700001117
1.0	0.15501037048415922
4.0	3.8111921197403538
1.0	1.1584027376926822
4.0	3.6482141122069636
4.0	4.109941291503737
4.0	4.213587028626821
2.5	2.2584312391605823
1.0	-0.2002111387444374
2.5	2.279981033382742
2.5	1.9168458241390454
2.5	3.6253840554402936
4.0	4.025342224359946
4.0	5.771032237701748
4.0	2.8649324237982565
1.0	0.5886443924329967
4.0	2.815582323384106
2.5	2.745986518349936
1.0	-0.7261714555671932
2.5	2.734810802922394
4.0	5.045473359880266
2.5	3.596577588145202
1.0	-0.22906537692138995
4.0	3.9311734734052015
4.0	4.734619791868911
4.0	3.437439509525395
1.0	-1.0680176363934129
1.0	1.9311794456642974
2.5	3.349794132823873
1.0	1.8034004400715413
4.0	4.529648876388951
4.0	3.623164899711857
4.0	4.659262527118388
4.0	4.058717253774669
4.0	2.116636699369615
1.0	0.9739700707160585
4.0	5.251660063837062
4.0	1.9347165470570205
2.5	-0.008159896825863378
4.0	3.872234395756295
4.0	3.2857958217275303
2.5	2.8361196222684217
1.0	0.9861987711855278
2.5	2.4915766673866613
4.0	2.503175802679287
1.0	1.6368727567474046
2.5	2.3543427194518713
1.0	0.6845308638559713
1.0	0.30034783728363
4.0	5.726678558816205
2.5	1.8484522926387204
2.5	4.220099020309917
1.0	1.4345718157256235
4.0	5.271435576876416
1.0	2.67540683080541
1.0	0.05569776269857862
4.0	5.117492393017093
4.0	3.7330214534509643
2.5	1.5077767992203
1.0	0.4798810606601296
4.0	4.465290480393777
1.0	2.2434629858992072
4.0	3.4083287959731132
4.0	3.947299223047984
1.0	1.2994820209677378
2.5	1.4031172581155926
1.0	1.3626195305406434
1.0	0.09970614923367793
2.5	2.1384736961570843
4.0	4.6724267888809745
4.0	4.171531650907324
2.5	3.4128427681050306
1.0	1.2096298544753354
2.5	2.9457393454356926
1.0	3.181110001209256
4.0	3.715078230737177
4.0	2.0957722881482974
2.5	0.31371692411474816
1.0	1.6066348520249865
2.5	1.1121787137417753
4.0	4.623684350922224
4.0	4.724358942449652
1.0	0.6993717745981967
4.0	4.467837300899443
2.5	2.6108170406669515
1.0	1.1299550513652372
2.5	3.5476579471858254
1.0	1.568706256767679
4.0	3.033620292432057
2.5	3.2963217922640258
1.0	-0.6670223103710884
2.5	2.0644253328969935
2.5	3.217504895220417
1.0	0.7802421578351523
4.0	2.734458905334132
4.0	5.094005343385318
2.5	2.0943055467796157
4.0	3.7038205666731625
2.5	3.3722506438580795
4.0	2.5232171655795437
2.5	4.280179980062837
2.5	4.310946640085773
4.0	4.811948930392832
4.0	3.101379119269772
1.0	-0.8626742661658866
4.0	4.665490693385145
4.0	4.912775817202665
1.0	1.6026128821878505
1.0	0.20593203028127305
1.0	1.0529001413508525
2.5	2.1408829013985153
1.0	1.140887776985269
2.5	1.2223372597841815
4.0	3.9189511586856867
2.5	2.3328393642485925
2.5	1.270406061766941
4.0	3.5666960393634226
2.5	1.0979709635349197
2.5	3.96382795886673
4.0	5.860053372153561
4.0	5.357781840689297
1.0	1.0974379695951697
2.5	3.028905733457969
4.0	3.069247538994455
1.0	1.7487716652578218
4.0	4.311108484972107
2.5	4.775506495284898
2.5	3.075970597633592
4.0	3.5447284012142166
2.5	2.0622687167668277
2.5	1.4350438604257547
4.0	3.8717264596238286
4.0	5.541642086752242
1.0	1.8569631072682449
2.5	3.425627447127189
4.0	3.963143758762414
4.0	5.128804325788532
1.0	-0.8981771893425372
4.0	3.4162307019409623
1.0	1.3006058810000658
4.0	3.2938119877581107
4.0	4.715075967950442
2.5	3.1716758523125907
4.0	3.4094777590084675
4.0	5.463467804473786
1.0	-0.7703102637286217
2.5	3.47392191570919
1.0	0.16100883960352286
4.0	3.255539468795363
4.0	2.8498372063797373
4.0	2.9860096748627765
2.5	4.066110100108279
4.0	3.5559238892834077
2.5	1.2138625208986638
1.0	1.367558876323739
4.0	5.5161072761669345
2.5	1.8717006181722837
2.5	1.3083337837301907
1.0	0.6794165985322964
1.0	1.3473519888890684
1.0	0.7541777741041826
1.0	-0.36064026702422436
2.5	3.8412549705867933
1.0	1.275552234471422
4.0	4.540226122796349
4.0	3.44818580767818
1.0	0.4980745858037108
2.5	2.9451849072543537
1.0	0.8712224460947642
2.5	4.335850156988535
2.5	5.164565242302295
4.0	4.319623381708644
1.0	0.571602661339895
1.0	1.2637745940443958
4.0	2.7161300169373
4.0	4.538845219585803
1.0	0.8220386823711435
2.5	1.62893841184473
2.5	3.498533977834858
4.0	2.9104454017054042
1.0	1.6427261847678545
1.0	2.5040830409857375
1.0	0.3326804448207894
2.5	1.9812987294471425
2.5	4.097104880137274
2.5	3.5473583335110255
4.0	3.261978649493414
2.5	2.256028770636735
4.0	2.8907540644877123
4.0	3.3618085545856693
4.0	4.203946977900268
2.5	1.9640001522312056
1.0	0.9150189649034697
4.0	3.8480377471655616
4.0	4.488954728252742
1.0	1.392912644802787
1.0	2.004853774277901
4.0	4.6077050869460265
2.5	3.8776526872604826
1.0	2.1552415421041893
4.0	4.084173828150745
4.0	4.8474049651692
2.5	1.842672383708266
4.0	3.5296002530119037
2.5	1.9736245607399634
1.0	-0.3955484887702283
1.0	0.6715764982439407
2.5	2.8240913271293047
4.0	2.8412818495796257
1.0	1.0699603211597521
2.5	2.6495262098823593
2.5	1.972197374808642
2.5	2.909221443961045
4.0	4.096085361348593
4.0	1.426961783240157
1.0	-0.7014340554631366
1.0	0.998591715300791
4.0	3.6255828378818857
4.0	4.756563634597681
1.0	1.7681521860013558
2.5	2.3393619453131396
2.5	1.0934632327926703
2.5	3.1311007518980527
4.0	3.443575283046843
4.0	3.110307821334559
1.0	0.49195659261661395
2.5	2.8491255941802582
1.0	0.2881120776715689
4.0	4.202522770205114
1.0	0.6321448216876203
4.0	3.3522147266749878
1.0	2.507543903749589
2.5	4.569406734269455
4.0	3.0055475185513862
4.0	4.204674671081291
4.0	5.1241390378227
1.0	0.794403559210108
2.5	3.294014785181231
4.0	3.1732970179000066
1.0	1.2521473543027675
4.0	4.233856175476234
4.0	4.1755239366596
1.0	0.7441481703742714
1.0	1.6613048608134826
2.5	1.4533925434801709
2.5	1.3103966681486594
1.0	-0.4966888979614219
4.0	5.725454367891037
1.0	0.855794214917593
2.5	0.7271743353773337
4.0	3.090245042331322
1.0	2.360700990299957
4.0	2.765066096181463
2.5	0.28028389948053034
1.0	1.2751488528723276
4.0	3.1821258244078754
4.0	3.406640146530202
2.5	1.167647739109339
1.0	1.8284764764501023
2.5	1.2027442378237316
1.0	4.186979091637108
1.0	1.434152737433903
2.5	2.7513287851566623
2.5	2.096368404104288
1.0	0.449342709184146
2.5	0.5645079918772866
2.5	0.8427354136605876
4.0	4.976062709086478
1.0	-0.22533780043115104
4.0	3.0686072878447543
4.0	2.732402171404531
2.5	2.3552924482652946
4.0	2.9653783050799447
4.0	4.410137529637132
1.0	0.41348015444531183
1.0	0.6298961295978949
4.0	4.321604150352018
2.5	1.8462148568556174
4.0	4.745017872871106
1.0	-0.2353616034833248
4.0	2.8494662719457455
2.5	2.1290591864541293
2.5	1.8802220521432185
2.5	2.9275552141949728
4.0	3.8931653567877134
4.0	4.226856852143109
4.0	3.0771589453080495
2.5	2.1284324744136387
2.5	2.8304646074055335
4.0	3.3210429121843266
4.0	3.1010725127038903
4.0	4.231707788298114
2.5	1.0877689018023673
2.5	2.585623150513551
1.0	-4.901544613329367E-4
4.0	2.3758416180759667
4.0	4.570300660568459
4.0	5.877159317340773
1.0	-0.4372721190827513
1.0	-0.2564380552594441
4.0	4.737735187787377
1.0	0.7664640458861796
4.0	4.659008526102378
1.0	0.49209178091840855
2.5	4.1253458419394455
1.0	-0.06923957364290922
4.0	4.454462424890013
2.5	2.6693267926212725
4.0	2.011404927281851
4.0	3.6691811534507375
2.5	2.252077659266899
1.0	0.7647053101016226
2.5	1.4604846072756446
4.0	4.40004511771175
1.0	1.3202004356094297
1.0	0.8069832818119962
1.0	1.253198773533628
2.5	3.0344655038768003
1.0	-0.8657788150067762
2.5	2.972485212161622
4.0	4.540585447161091
4.0	2.642872526627195
1.0	0.2483898078530331
1.0	0.715317107153988
2.5	2.935567191329693
2.5	1.2132259921787945
4.0	3.7721812629738873
4.0	3.3007352736293685
2.5	2.773034243190559
4.0	3.0044305949157266
2.5	2.9903054289348714
4.0	3.590404165728105
4.0	4.1067208361777015
4.0	3.392826320651626
4.0	4.878038406523825
1.0	-0.007032496844974201
4.0	4.361072483720954
4.0	5.094235196659312
1.0	2.1006224007261833
2.5	3.1885204199704384
1.0	0.8575112992933435
2.5	3.115475530835057
4.0	2.2257673234853512
1.0	-0.3065630223629179
4.0	4.3845099664555764
1.0	0.8570631413370879
2.5	3.334571773937734
4.0	5.403252146722938
4.0	3.6318352370252436
4.0	4.964582049179809
2.5	2.315135853388428
2.5	2.9495264385303352
2.5	1.5047662764606753
2.5	3.166871210842849
1.0	1.5896215015032191
2.5	2.41247326108717
1.0	0.03123072097414148
4.0	4.742250558204212
1.0	0.8750968305446107
4.0	3.0891150866414088
1.0	0.43299166723639004
4.0	4.034855433189091
2.5	1.6888296724196903
1.0	1.0863706051641149
4.0	3.0132586005244777
2.5	2.8032374058159926
4.0	5.506565319444277
1.0	1.9991690132086184
4.0	5.098910883591386
2.5	2.6116114608486574
2.5	1.4664477559804732
2.5	2.594053364020365
4.0	3.883402614856549
4.0	4.542643553207769
4.0	2.8247572936211296
2.5	0.33735728381034447
4.0	5.044137234012839
1.0	0.9898680436444827
1.0	-0.8541624797050063
1.0	0.7610393835008551
4.0	5.512234897445308
2.5	2.8594882408464755
4.0	3.970367063987329
4.0	3.1872200566662543
1.0	1.1979043780063006
2.5	2.637591460461934
1.0	2.2789969240345687
1.0	-1.3293772630044711
4.0	4.400942719327417
2.5	1.9435904925694905
2.5	2.6503259021079404
2.5	1.538940090711992
2.5	2.366229023664946
1.0	1.569632906640003
2.5	2.473892521800563
2.5	2.0776059994907268
2.5	3.0233926963929103
2.5	3.3133213168806592
4.0	5.4130542762545435
1.0	0.6764639765746374
4.0	4.356903697488519
1.0	2.3167746753470846
4.0	4.824108451856154
4.0	3.546402591614729
2.5	2.8608352727113067
1.0	1.6713721179774481
4.0	4.56311762205181
2.5	2.0144627498251526
1.0	2.7376079790780445
1.0	2.2313164383488706
1.0	1.8206183349638865
2.5	1.528941222259125
4.0	3.870589019970896
2.5	1.2336806384042853
4.0	4.51953986724198
1.0	1.371733718831953
1.0	-0.6185527131279436
2.5	3.193284629240742
1.0	2.603128088313584
2.5	2.3584761060278274
1.0	0.3295281994125825
2.5	3.1852800058202746
2.5	1.863557958727646
2.5	3.163444225062908
1.0	1.9702095579699854
1.0	0.35427114896115086
4.0	4.660352767278483
2.5	2.967410329006782
2.5	2.9019664750951217
2.5	2.2699602547188364
2.5	0.8096072332754254
1.0	1.5502239077975015
2.5	4.673272494173867
4.0	6.008963049887493
1.0	-0.01837542291389349
4.0	2.7336963638586944
2.5	3.319551532998415
2.5	1.8232007193174846
2.5	2.5736482693420144
2.5	1.0569235841022677
1.0	0.7923272461037635
2.5	0.2631166749712288
1.0	1.989822356789613
2.5	2.7441641652240865
4.0	4.227831249574234
2.5	3.169513996317087
2.5	3.514510206305727
4.0	3.700290780759337
4.0	3.501731898970895
4.0	2.3499434762373315
4.0	5.113037462555819
1.0	2.2347433054034322
1.0	-1.1569430669840481
1.0	0.5989307238966177
2.5	3.046624209169546
2.5	3.1619864678985454
4.0	4.236654607953479
2.5	3.612786074581564
4.0	6.229767153157581
1.0	0.09116835481061536
1.0	-0.07050032789768856
4.0	3.0375320131490082
4.0	3.802891180830168
4.0	3.8357901911832224
4.0	5.364868560640189
2.5	1.5705789123729292
1.0	2.902875006317033
2.5	2.4506725252369166
1.0	0.316331046722519
4.0	4.080436235458299
1.0	2.756567401217712
1.0	0.6404264995242865
1.0	1.3679689585758785
2.5	4.755792640244319
1.0	1.0905155440156373
1.0	2.134063163556209
2.5	1.9081562160655678
4.0	4.818926477821983
4.0	4.306048123385955
4.0	6.154744682462631
1.0	1.6139548555169037
2.5	2.2322992623372016
4.0	2.605619255135113
1.0	1.1606895282825795
2.5	1.8482036527909904
1.0	1.3848979920906586
1.0	1.2518112883328172
4.0	3.91440724198054
4.0	3.8434916853210694
1.0	1.002970986426635
2.5	4.5327313645167
2.5	1.3335749663297374
2.5	3.8503429394724904
4.0	4.497792592009759
2.5	4.418472255002613
2.5	2.8393819219897387
2.5	3.8180906746398797
1.0	2.088731717458251
4.0	2.5302263804429566
4.0	3.786652588389946
4.0	4.740854491263023
2.5	4.2675507235151935
2.5	1.0132202073102008
4.0	2.846721361753156
2.5	2.1332597972445324
2.5	1.3677455357537338
2.5	2.865069440768583
4.0	5.017157551933439
2.5	2.366907307527103
4.0	4.623499237450046
4.0	3.5212578151006912
1.0	-0.5318025603353358
2.5	4.592254225098285
1.0	1.534148355347059
4.0	2.661200584259001
1.0	3.385846532082742
4.0	3.756485031777399
4.0	2.348830863942745
4.0	4.743370733156976
1.0	1.9716259266695912
4.0	4.896438338426894
1.0	-0.32758894821715323
4.0	3.4869612314699445
4.0	5.348919839602107
1.0	1.4251930420477934
1.0	1.4351894286843665
2.5	2.6039768173791202
4.0	3.0815939204325895
4.0	5.857523488159328
1.0	0.803886632756605
4.0	4.660958109319739
4.0	4.450997885929461
1.0	1.4700648443440172
2.5	2.465264122764905
2.5	2.158361898912284
4.0	3.451046972270203
1.0	0.7063450866784049
4.0	3.706571647841662
4.0	1.926090437989524
1.0	2.181832880992712
4.0	4.560660659894671
4.0	2.2810073959414483
2.5	3.6933353802673405
1.0	0.23266312744590834
1.0	2.2382294910607916
1.0	0.8842390008043408
1.0	0.7876205853989711
2.5	2.6329134960764855
4.0	4.62520290743155
4.0	3.4380911127698544
4.0	3.023242940047826
4.0	2.9764649990165637
2.5	2.415236127314268
1.0	-0.1054728563361218
1.0	2.7147382380424396
2.5	2.8007854595235497
4.0	3.7560217725518763
1.0	0.026689635093240738
1.0	0.5493223963677174
1.0	0.8655979934171525
1.0	0.5400867603253321
1.0	0.7418620476899975
4.0	4.740349264071927
1.0	-0.10848320086029206
4.0	3.8541598387197262
2.5	0.39045527442997807
1.0	1.408216363938295
2.5	1.1573663462006305
4.0	3.446559114915786
1.0	1.433303760505981
1.0	0.31876473227495195
4.0	4.980719989636935
1.0	0.7945585993814004
4.0	3.516546071706344
1.0	1.8939203919609915
4.0	3.832143738823861
1.0	0.2338189370081868
2.5	2.46044242131645
4.0	3.1695008576973023
2.5	1.7729228289758114
4.0	2.5497089965318773
4.0	4.14785560888522
4.0	2.854836983201694
2.5	4.871952875322658
4.0	3.246356458855742
4.0	3.12996796569219
1.0	-0.03983564158651087
4.0	3.4832163200661803
2.5	2.2183319273855937
1.0	-0.5565578857729025
1.0	0.15603196968667443
1.0	0.33962576356849694
2.5	2.28170453881348
1.0	1.6994739366653149
2.5	2.469559238230926
4.0	2.145667971785766
1.0	2.2203042531353976
1.0	1.5196914845010336
2.5	2.071339864113688
2.5	1.6569214430633101
4.0	6.267123423001595
2.5	3.60500950262566
2.5	2.6734968894962527
1.0	-0.5033309036507179
1.0	-0.1146056572332872
1.0	1.0673259738443661
4.0	4.708483109407112
1.0	1.7383495133144269
1.0	0.9595436890540086
2.5	2.471240210419874
2.5	3.423150972777059
1.0	1.754139142550739
1.0	2.943552688900499
4.0	5.430995521883066
2.5	2.510171142843149
4.0	3.1249841140788663
4.0	3.41223833711076
2.5	1.6892296614961446
4.0	3.962638728038544
2.5	3.046026601378035
4.0	5.449059271353774
1.0	2.9664943870739755
1.0	1.3048980125307417
4.0	4.904412548787979
4.0	4.3702274048438134
2.5	3.481418386488377
4.0	4.402327595846238
1.0	0.20432147072875118
1.0	1.2834962757124426
4.0	2.3200148938036405
1.0	1.8160501127051611
4.0	4.0977699845982505
2.5	3.9723393852927416
1.0	-0.7287477579825195
1.0	0.5293117879335467
2.5	2.676146722999439
1.0	2.1889352688525685
1.0	1.0375429012065704
4.0	2.5818745067485867
4.0	2.875439053727282
1.0	0.831628219245553
1.0	0.1833931961483105
4.0	5.426069349821484
4.0	2.9089568238100023
2.5	2.93729533960168
1.0	2.5049490332283475
1.0	-1.216106873212372
4.0	2.0897228208410352
2.5	2.127282707287477
4.0	5.3822701958129855
2.5	3.9950979759922656
1.0	-0.4900181473995504
2.5	2.029090725003803
2.5	1.848144464850359
2.5	0.45854333985801077
2.5	3.9430685942067067
2.5	2.8022764792085186
1.0	-0.14214689304471184
1.0	1.8449024516020645
4.0	3.8246318784779936
2.5	2.2629074468989185
2.5	3.220924740860665
4.0	4.626597189045106
1.0	0.38941249556170565
1.0	0.3911389972936934
1.0	-0.14754207052815138
2.5	4.726220770445604
4.0	4.9299031768095745
1.0	3.160781364460272
1.0	1.9854762875795302
4.0	3.569242122467912
1.0	2.1473397663478186
1.0	0.5258689869181681
1.0	1.1056747528871347
1.0	2.6434290935661267
4.0	4.813804426110634
4.0	5.373353043567565
4.0	2.8079024252939715
4.0	3.1546928357333446
4.0	4.9162272233742375
1.0	3.297270094632393
1.0	-0.9487186122030282
2.5	3.0029637193958885
1.0	1.081597314840889
4.0	2.957497425074145
1.0	2.6211515877776996
1.0	0.5203238905133726
2.5	1.920991336679411
2.5	1.5637682624514735
4.0	3.3618152314833774
4.0	4.659367064202673
1.0	0.751723764814167
4.0	1.6992644950063847
4.0	4.59656662242266
4.0	4.191607111163788
2.5	3.3847946762662797
1.0	1.8981110783704176
2.5	3.051700393781712
2.5	1.9838032978736897
4.0	2.662849846901225
4.0	3.7576548024794896
4.0	1.6880632832994018
1.0	1.491491411291191
2.5	2.868285539896007
4.0	4.083813721394225
1.0	0.6367722265082105
1.0	-0.08080651168189124
2.5	3.1238875511404567
4.0	3.028370309032379
4.0	4.327783066428214
2.5	1.8156069535971007
1.0	0.9190550029172927
2.5	1.5698626779638123
2.5	1.6278278578123748
4.0	4.224199352305185
1.0	1.0076300797600697
1.0	1.6169844742488897
1.0	0.7114612353428317
4.0	4.84997047124806
1.0	1.3497680382469344
4.0	5.191561676770274
1.0	0.7872632012217681
2.5	3.1764106145618753
1.0	0.7351194677673764
4.0	3.928612919287703
2.5	3.755882368931279
2.5	2.864809555562994
4.0	4.179329138465058
2.5	1.2991518569129643
4.0	5.383974758453396
2.5	3.2248626198750845
4.0	3.228581982301045
2.5	2.9985882952053924
1.0	0.14019944399221296
1.0	2.779563058846559
1.0	1.01028319181271
1.0	1.3900631593821462
1.0	-0.47448580854320466
2.5	3.048838730150055
2.5	0.6040483273291029
1.0	1.5815680532371028
4.0	5.3976697828914935
4.0	3.3670042690972335
4.0	2.833408506048782
2.5	2.1818620789260734
2.5	2.4526583816258434
2.5	3.7410288741542232
2.5	1.8859013099117967
4.0	3.4391099994566505
4.0	3.6204458620866227
4.0	5.175730828895327
1.0	1.4173589756526894
2.5	2.9557974830575495
1.0	0.23015930473564117
4.0	3.1348861447377874
2.5	2.7282973222223457
1.0	1.5364840455911994
1.0	1.683729010805492
1.0	1.1513466341451535
1.0	1.2141420196011776
1.0	0.5005690792786535
2.5	4.277709483203818
4.0	1.9612316639752416
1.0	-0.3953379602396372
4.0	3.131571944700182
4.0	2.728897816500951
4.0	5.269986926580055
2.5	-0.05435611595778278
4.0	4.117846006480294
1.0	0.7572217426676912
1.0	-0.05483349259933101
1.0	1.1526279686649574
2.5	1.9857539618217768
2.5	3.1675121071471626
2.5	2.0928112189448114
1.0	0.35420398040584355
4.0	3.4357614166325967
1.0	0.5487767171255729
2.5	3.7442612288323507
2.5	2.3233879130345665
1.0	0.7055287856242455
4.0	3.7857043144210833
1.0	0.0020337733794077995
4.0	2.9993751488075806
4.0	3.7716432248478124
1.0	2.269096209017482
2.5	2.4385935846819415
1.0	2.61330212803035
2.5	2.5255839880304904
2.5	2.526208839229582
2.5	1.4825738432724311
2.5	2.369346147381743
1.0	0.46624367860937166
1.0	-1.548247376857368
1.0	0.9823074271495531
4.0	4.405584240191003
2.5	3.4647316596720756
4.0	1.9663962977969227
1.0	1.6558213702809406
1.0	-0.1981336632726758
2.5	2.583403762952069
1.0	-0.5182586977889916
2.5	2.8936141589453097
2.5	3.0124910627787402
4.0	4.388005222726699
1.0	0.1679187875185033
1.0	1.8876704516050342
1.0	2.4229652129027057
4.0	3.1203438690484355
4.0	4.159100216207509
4.0	4.982514592691058
4.0	3.4714765130754497
1.0	2.8170657575650884
4.0	4.377301419281427
1.0	1.056632683499643
1.0	0.04034135569618125
1.0	3.6103703244930814
4.0	6.61536457929605
4.0	5.310521084587724
2.5	1.9473917900411304
2.5	4.972906364250701
1.0	0.22857579591689658
2.5	3.289238635736839
2.5	3.092033520715764
1.0	1.2488516639490943
4.0	4.558479506726372
4.0	2.408102160176187
4.0	4.043906320782037
4.0	4.894396959042107
1.0	2.263286556483343
1.0	-0.7456343565787862
4.0	5.698121743802822
2.5	3.3695706675108044
1.0	0.45504811170787374
2.5	0.596774843783896
4.0	4.968970155051452
2.5	2.2077293755724234
1.0	1.2383560193630534
2.5	1.798767370089799
4.0	4.29456248148056
2.5	1.8821617076152368
2.5	2.998933962290236
2.5	1.9669202506271555
4.0	3.3426881093360925
2.5	0.4917658995697636
4.0	5.420352374478265
4.0	3.7810009690697743
2.5	3.529169760485781
4.0	4.897368247525559
1.0	0.2760407757604484
1.0	-0.1831397154497012
2.5	2.5698978808592248
1.0	2.0199813979335266
2.5	3.0581249735443037
1.0	1.376280180353646
1.0	-0.4079624935966797
4.0	3.838164065381552
2.5	4.080365929411542
4.0	3.965492233612879
2.5	1.4339455804040504
1.0	2.0996697177148773
4.0	3.1532515361974225
2.5	3.7919707873916777
2.5	2.2175884709697993
4.0	2.921328544550932
2.5	1.3322050569717863
1.0	0.5636732714703798
2.5	2.896527495514116
2.5	3.7561316658633874
1.0	1.0602084873537914
2.5	4.454520797838108
2.5	3.606889924987608
1.0	1.351467871681075
1.0	2.5381805469679346
2.5	2.1155443499027617
2.5	3.564170062188155
2.5	2.878769262161633
2.5	0.2783367420203917
4.0	3.687159749461129
2.5	2.886020353978346
2.5	2.2385848009579354
2.5	1.4220222632097532
1.0	0.7556997775314869
